{"transport_mode":"TRAIN","length":20,"width":2,"door_max":14,"parts":[{"name":"window_ext","stage":"EXTERIOR","mirror":false,"skip_rendering_if_too_far":false,"door_offset":"NONE","render_condition":"ALL","positions":[[0.0,16.0],[0.0,-16.0],[0.0,48.0],[0.0,-48.0],[0.0,80.0],[0.0,-80.0],[0.0,-112.0]],"whitelisted_cars":"","blacklisted_cars":""},{"name":"window_int","stage":"INTERIOR","mirror":false,"skip_rendering_if_too_far":false,"door_offset":"NONE","render_condition":"ALL","positions":[[0.0,16.0],[0.0,-16.0],[0.0,48.0],[0.0,-48.0],[0.0,80.0],[0.0,-80.0],[0.0,-112.0]],"whitelisted_cars":"","blacklisted_cars":""},{"name":"window_lihgt","stage":"LIGHTS","mirror":false,"skip_rendering_if_too_far":false,"door_offset":"NONE","render_condition":"ALL","positions":[[0.0,16.0],[0.0,-16.0],[0.0,48.0],[0.0,-48.0],[0.0,80.0],[0.0,-80.0],[0.0,-112.0],[0.0,112.0]],"whitelisted_cars":"","blacklisted_cars":""},{"name":"window_ext","stage":"EXTERIOR","mirror":false,"skip_rendering_if_too_far":false,"door_offset":"NONE","render_condition":"ALL","positions":[[0.0,112.0]],"whitelisted_cars":"","blacklisted_cars":"1"},{"name":"window_int","stage":"INTERIOR","mirror":false,"skip_rendering_if_too_far":false,"door_offset":"NONE","render_condition":"ALL","positions":[[0.0,112.0]],"whitelisted_cars":"","blacklisted_cars":"1"},{"name":"gally_ext","stage":"EXTERIOR","mirror":false,"skip_rendering_if_too_far":false,"door_offset":"NONE","render_condition":"ALL","positions":[[0.0,112.0]],"whitelisted_cars":"1","blacklisted_cars":"%1"},{"name":"gally_int","stage":"INTERIOR","mirror":false,"skip_rendering_if_too_far":false,"door_offset":"NONE","render_condition":"ALL","positions":[[0.0,112.0]],"whitelisted_cars":"1","blacklisted_cars":"%1"},{"name":"door_ext","stage":"EXTERIOR","mirror":false,"skip_rendering_if_too_far":false,"door_offset":"NONE","render_condition":"ALL","positions":[[0.0,136.0]],"whitelisted_cars":"","blacklisted_cars":""},{"name":"door_int","stage":"INTERIOR","mirror":false,"skip_rendering_if_too_far":false,"door_offset":"NONE","render_condition":"ALL","positions":[[0.0,136.0]],"whitelisted_cars":"","blacklisted_cars":""},{"name":"door_disp","stage":"EXTERIOR","mirror":false,"skip_rendering_if_too_far":false,"door_offset":"NONE","render_condition":"ALL","positions":[[0.0,136.0]],"whitelisted_cars":"","blacklisted_cars":"","display":{"x_padding":0.0,"y_padding":0.0,"cjk_size_ratio":0.0,"type":"NEXT_STATION_UK","color_cjk":"FF9900","color":"FF9900","should_scroll":true,"force_upper_case":false,"force_single_line":true}},{"name":"door_ext","stage":"EXTERIOR","mirror":true,"skip_rendering_if_too_far":false,"door_offset":"NONE","render_condition":"ALL","positions":[[0.0,-136.0]],"whitelisted_cars":"","blacklisted_cars":""},{"name":"door_int","stage":"INTERIOR","mirror":true,"skip_rendering_if_too_far":false,"door_offset":"NONE","render_condition":"ALL","positions":[[0.0,-136.0]],"whitelisted_cars":"","blacklisted_cars":""},{"name":"door_disp","stage":"EXTERIOR","mirror":true,"skip_rendering_if_too_far":false,"door_offset":"NONE","render_condition":"ALL","positions":[[0.0,-136.0]],"whitelisted_cars":"","blacklisted_cars":"","display":{"x_padding":0,"y_padding":0,"cjk_size_ratio":0,"type":"NEXT_STATION_UK","color_cjk":"FF9900","color":"FF9900","should_scroll":true,"force_upper_case":false,"force_single_line":true}},{"name":"Door_mov_ext","stage":"EXTERIOR","mirror":false,"skip_rendering_if_too_far":false,"door_offset":"RIGHT_POSITIVE","render_condition":"ALL","positions":[[0.0,-136.0]],"whitelisted_cars":"","blacklisted_cars":""},{"name":"Door_mov_int","stage":"INTERIOR","mirror":false,"skip_rendering_if_too_far":false,"door_offset":"RIGHT_POSITIVE","render_condition":"ALL","positions":[[0.0,-136.0]],"whitelisted_cars":"","blacklisted_cars":""},{"name":"Door_mov_ext","stage":"EXTERIOR","mirror":false,"skip_rendering_if_too_far":false,"door_offset":"RIGHT_NEGATIVE","render_condition":"ALL","positions":[[0.0,136.0]],"whitelisted_cars":"","blacklisted_cars":""},{"name":"Door_mov_int","stage":"INTERIOR","mirror":false,"skip_rendering_if_too_far":false,"door_offset":"RIGHT_NEGATIVE","render_condition":"ALL","positions":[[0.0,136.0]],"whitelisted_cars":"","blacklisted_cars":""},{"name":"Door_mov_ext","stage":"EXTERIOR","mirror":true,"skip_rendering_if_too_far":false,"door_offset":"LEFT_NEGATIVE","render_condition":"ALL","positions":[[0.0,-136.0]],"whitelisted_cars":"","blacklisted_cars":""},{"name":"Door_mov_int","stage":"INTERIOR","mirror":true,"skip_rendering_if_too_far":false,"door_offset":"LEFT_NEGATIVE","render_condition":"ALL","positions":[[0.0,-136.0]],"whitelisted_cars":"","blacklisted_cars":""},{"name":"Door_mov_ext","stage":"EXTERIOR","mirror":true,"skip_rendering_if_too_far":false,"door_offset":"LEFT_POSITIVE","render_condition":"ALL","positions":[[0.0,136.0]],"whitelisted_cars":"","blacklisted_cars":""},{"name":"Door_mov_int","stage":"INTERIOR","mirror":true,"skip_rendering_if_too_far":false,"door_offset":"LEFT_POSITIVE","render_condition":"ALL","positions":[[0.0,136.0]],"whitelisted_cars":"","blacklisted_cars":""},{"name":"end_ext","stage":"EXTERIOR","mirror":true,"skip_rendering_if_too_far":false,"door_offset":"NONE","render_condition":"ALL","positions":[[0.0,152.0]],"whitelisted_cars":"","blacklisted_cars":"-1"},{"name":"end_int","stage":"INTERIOR","mirror":true,"skip_rendering_if_too_far":false,"door_offset":"NONE","render_condition":"ALL","positions":[[0.0,152.0]],"whitelisted_cars":"","blacklisted_cars":"-1"},{"name":"end_ext","stage":"EXTERIOR","mirror":false,"skip_rendering_if_too_far":false,"door_offset":"NONE","render_condition":"ALL","positions":[[0.0,-152.0]],"whitelisted_cars":"","blacklisted_cars":"1"},{"name":"end_int","stage":"INTERIOR","mirror":false,"skip_rendering_if_too_far":false,"door_offset":"NONE","render_condition":"ALL","positions":[[0.0,-152.0]],"whitelisted_cars":"","blacklisted_cars":"1"},{"name":"head_ext","stage":"EXTERIOR","mirror":true,"skip_rendering_if_too_far":false,"door_offset":"NONE","render_condition":"ALL","positions":[[0.0,-152.0]],"whitelisted_cars":"1","blacklisted_cars":"%1"},{"name":"head_int","stage":"INTERIOR","mirror":true,"skip_rendering_if_too_far":false,"door_offset":"NONE","render_condition":"ALL","positions":[[0.0,-152.0]],"whitelisted_cars":"1","blacklisted_cars":"%1"},{"name":"head_display","stage":"EXTERIOR","mirror":true,"skip_rendering_if_too_far":false,"door_offset":"NONE","render_condition":"ALL","positions":[[0.0,-152.0]],"whitelisted_cars":"1","blacklisted_cars":"%1","display":{"x_padding":0,"y_padding":0,"cjk_size_ratio":0,"type":"DESTINATION","color_cjk":"FF9900","color":"FF9900","should_scroll":false,"force_upper_case":false,"force_single_line":true}},{"name":"headlights","stage":"ALWAYS_ON_LIGHTS","mirror":true,"skip_rendering_if_too_far":false,"door_offset":"NONE","render_condition":"MOVING_FORWARDS","positions":[[0.0,-152.0]],"whitelisted_cars":"1","blacklisted_cars":"%1"},{"name":"taillights","stage":"ALWAYS_ON_LIGHTS","mirror":true,"skip_rendering_if_too_far":false,"door_offset":"NONE","render_condition":"MOVING_BACKWARDS","positions":[[0.0,-152.0]],"whitelisted_cars":"1","blacklisted_cars":"%1"},{"name":"head_ext","stage":"EXTERIOR","mirror":false,"skip_rendering_if_too_far":false,"door_offset":"NONE","render_condition":"ALL","positions":[[0.0,152.0]],"whitelisted_cars":"-1","blacklisted_cars":"%1"},{"name":"head_int","stage":"INTERIOR","mirror":false,"skip_rendering_if_too_far":false,"door_offset":"NONE","render_condition":"ALL","positions":[[0.0,152.0]],"whitelisted_cars":"-1","blacklisted_cars":"%1"},{"name":"head_display","stage":"EXTERIOR","mirror":false,"skip_rendering_if_too_far":false,"door_offset":"NONE","render_condition":"ALL","positions":[[0.0,152.0]],"whitelisted_cars":"-1","blacklisted_cars":"%1","display":{"x_padding":0,"y_padding":0,"cjk_size_ratio":0,"type":"DESTINATION","color_cjk":"FF9900","color":"FF9900","should_scroll":false,"force_upper_case":false,"force_single_line":true}},{"name":"headlights","stage":"ALWAYS_ON_LIGHTS","mirror":false,"skip_rendering_if_too_far":false,"door_offset":"NONE","render_condition":"MOVING_BACKWARDS","positions":[[0.0,152.0]],"whitelisted_cars":"-1","blacklisted_cars":"%1"},{"name":"taillights","stage":"ALWAYS_ON_LIGHTS","mirror":false,"skip_rendering_if_too_far":false,"door_offset":"NONE","render_condition":"MOVING_FORWARDS","positions":[[0.0,152.0]],"whitelisted_cars":"-1","blacklisted_cars":"%1"},{"name":"bogie","stage":"EXTERIOR","mirror":false,"skip_rendering_if_too_far":false,"door_offset":"NONE","render_condition":"ALL","positions":[[0.0,100.0],[0.0,-100.0]],"whitelisted_cars":"","blacklisted_cars":""}]}