{"transport_mode":"TRAIN","length":22,"width":2,"door_max":14,"parts":[{"name":"coach_window_ext","stage":"EXTERIOR","mirror":false,"skip_rendering_if_too_far":false,"door_offset":"NONE","render_condition":"ALL","positions":[[0.0,16.0],[0.0,48.0],[0.0,80.0],[0.0,112.0],[0.0,144.0]],"whitelisted_cars":"","blacklisted_cars":"1"},{"name":"coach_window_int","stage":"INTERIOR","mirror":true,"skip_rendering_if_too_far":false,"door_offset":"NONE","render_condition":"ALL","positions":[[0.0,16.0],[0.0,48.0],[0.0,80.0],[0.0,112.0],[0.0,144.0]],"whitelisted_cars":"","blacklisted_cars":"1"},{"name":"coach_window_ext","stage":"EXTERIOR","mirror":true,"skip_rendering_if_too_far":false,"door_offset":"NONE","render_condition":"ALL","positions":[[0.0,-16.0],[0.0,-48.0],[0.0,-80.0],[0.0,-112.0],[0.0,-144.0]],"whitelisted_cars":"","blacklisted_cars":"1"},{"name":"coach_window_int","stage":"INTERIOR","mirror":false,"skip_rendering_if_too_far":false,"door_offset":"NONE","render_condition":"ALL","positions":[[0.0,-16.0],[0.0,-48.0],[0.0,-80.0],[0.0,-112.0],[0.0,-144.0]],"whitelisted_cars":"","blacklisted_cars":"1"},{"name":"coach_door_ext","stage":"EXTERIOR","mirror":true,"skip_rendering_if_too_far":false,"door_offset":"NONE","render_condition":"ALL","positions":[[0.0,168.0]],"whitelisted_cars":"","blacklisted_cars":"-1,1"},{"name":"coach_door_int","stage":"INTERIOR","mirror":true,"skip_rendering_if_too_far":false,"door_offset":"NONE","render_condition":"ALL","positions":[[0.0,168.0]],"whitelisted_cars":"","blacklisted_cars":"-1,1"},{"name":"coach_door_ext","stage":"EXTERIOR","mirror":false,"skip_rendering_if_too_far":false,"door_offset":"NONE","render_condition":"ALL","positions":[[0.0,-168.0]],"whitelisted_cars":"","blacklisted_cars":"1"},{"name":"coach_door_int","stage":"INTERIOR","mirror":false,"skip_rendering_if_too_far":false,"door_offset":"NONE","render_condition":"ALL","positions":[[0.0,-168.0]],"whitelisted_cars":"","blacklisted_cars":"1"},{"name":"door_ext","stage":"EXTERIOR","mirror":false,"skip_rendering_if_too_far":false,"door_offset":"RIGHT_POSITIVE","render_condition":"ALL","positions":[[0.0,-168.0]],"whitelisted_cars":"","blacklisted_cars":"1"},{"name":"door_int","stage":"INTERIOR","mirror":false,"skip_rendering_if_too_far":false,"door_offset":"RIGHT_POSITIVE","render_condition":"ALL","positions":[[0.0,-168.0]],"whitelisted_cars":"","blacklisted_cars":"1"},{"name":"door_ext","stage":"EXTERIOR","mirror":true,"skip_rendering_if_too_far":false,"door_offset":"LEFT_NEGATIVE","render_condition":"ALL","positions":[[0.0,-168.0]],"whitelisted_cars":"","blacklisted_cars":"1"},{"name":"door_int","stage":"INTERIOR","mirror":true,"skip_rendering_if_too_far":false,"door_offset":"LEFT_NEGATIVE","render_condition":"ALL","positions":[[0.0,-168.0]],"whitelisted_cars":"","blacklisted_cars":"1"},{"name":"door_ext","stage":"EXTERIOR","mirror":false,"skip_rendering_if_too_far":false,"door_offset":"RIGHT_NEGATIVE","render_condition":"ALL","positions":[[0.0,168.0]],"whitelisted_cars":"","blacklisted_cars":"1,-1"},{"name":"door_int","stage":"INTERIOR","mirror":false,"skip_rendering_if_too_far":false,"door_offset":"RIGHT_NEGATIVE","render_condition":"ALL","positions":[[0.0,168.0]],"whitelisted_cars":"","blacklisted_cars":"1,-1"},{"name":"door_ext","stage":"EXTERIOR","mirror":true,"skip_rendering_if_too_far":false,"door_offset":"LEFT_POSITIVE","render_condition":"ALL","positions":[[0.0,168.0]],"whitelisted_cars":"","blacklisted_cars":"1,-1"},{"name":"door_int","stage":"EXTERIOR","mirror":true,"skip_rendering_if_too_far":false,"door_offset":"LEFT_POSITIVE","render_condition":"ALL","positions":[[0.0,168.0]],"whitelisted_cars":"","blacklisted_cars":"-1,1"},{"name":"coach_cab_ext","stage":"EXTERIOR","mirror":true,"skip_rendering_if_too_far":false,"door_offset":"NONE","render_condition":"ALL","positions":[[0.0,168.0]],"whitelisted_cars":"-1","blacklisted_cars":"%1"},{"name":"coach_cab_int","stage":"INTERIOR","mirror":true,"skip_rendering_if_too_far":false,"door_offset":"NONE","render_condition":"ALL","positions":[[0.0,168.0]],"whitelisted_cars":"-1","blacklisted_cars":"%1"},{"name":"coupler","stage":"EXTERIOR","mirror":true,"skip_rendering_if_too_far":false,"door_offset":"NONE","render_condition":"ALL","positions":[[0.0,184.0]],"whitelisted_cars":"","blacklisted_cars":"1"},{"name":"coupler","stage":"EXTERIOR","mirror":false,"skip_rendering_if_too_far":false,"door_offset":"NONE","render_condition":"ALL","positions":[[0.0,-184.0]],"whitelisted_cars":"","blacklisted_cars":"1"},{"name":"coupler","stage":"EXTERIOR","mirror":true,"skip_rendering_if_too_far":false,"door_offset":"NONE","render_condition":"ALL","positions":[[0.0,184.0]],"whitelisted_cars":"1","blacklisted_cars":"%1"},{"name":"coupler","stage":"EXTERIOR","mirror":false,"skip_rendering_if_too_far":false,"door_offset":"NONE","render_condition":"ALL","positions":[[0.0,-154.0]],"whitelisted_cars":"1","blacklisted_cars":"%1"},{"name":"loco_ext","stage":"EXTERIOR","mirror":false,"skip_rendering_if_too_far":false,"door_offset":"NONE","render_condition":"ALL","positions":[[0.0,16.0]],"whitelisted_cars":"1","blacklisted_cars":"%1"},{"name":"loco_headlights","stage":"ALWAYS_ON_LIGHTS","mirror":false,"skip_rendering_if_too_far":false,"door_offset":"NONE","render_condition":"ALL","positions":[[0.0,16.0]],"whitelisted_cars":"1","blacklisted_cars":"%1"},{"name":"coach_headlights","stage":"ALWAYS_ON_LIGHTS","mirror":true,"skip_rendering_if_too_far":false,"door_offset":"NONE","render_condition":"ALL","positions":[[0.0,168.0]],"whitelisted_cars":"-1","blacklisted_cars":"%1"},{"name":"bogie","stage":"EXTERIOR","mirror":false,"skip_rendering_if_too_far":false,"door_offset":"NONE","render_condition":"ALL","positions":[[0.0,110.0],[0.0,-86.0]],"whitelisted_cars":"1","blacklisted_cars":"%1"},{"name":"bogie","stage":"EXTERIOR","mirror":true,"skip_rendering_if_too_far":false,"door_offset":"NONE","render_condition":"ALL","positions":[[0.0,110.0],[0.0,-86.0]],"whitelisted_cars":"","blacklisted_cars":"1"},{"name":"coach_light","stage":"LIGHTS","mirror":false,"skip_rendering_if_too_far":false,"door_offset":"NONE","render_condition":"ALL","positions":[[0.0,-16.0],[0.0,-48.0],[0.0,-80.0],[0.0,-112.0],[0.0,-144.0],[0.0,16.0],[0.0,48.0],[0.0,80.0],[0.0,112.0],[0.0,144.0]],"whitelisted_cars":"","blacklisted_cars":"1"}]}