{"transport_mode":"TRAIN","length":14,"width":2,"door_max":11,"parts":[{"name":"door_ext","stage":"EXTERIOR","mirror":false,"skip_rendering_if_too_far":false,"door_offset":"NONE","render_condition":"ALL","positions":[[0.0,0.0]],"whitelisted_cars":"","blacklisted_cars":"1,-1"},{"name":"door_int","stage":"INTERIOR","mirror":false,"skip_rendering_if_too_far":false,"door_offset":"NONE","render_condition":"ALL","positions":[[0.0,0.0]],"whitelisted_cars":"","blacklisted_cars":"1,-1"},{"name":"door_left","stage":"EXTERIOR","mirror":false,"skip_rendering_if_too_far":false,"door_offset":"LEFT_NEGATIVE","render_condition":"ALL","positions":[[0.0,0.0]],"whitelisted_cars":"","blacklisted_cars":"1,-1"},{"name":"door_right","stage":"EXTERIOR","mirror":false,"skip_rendering_if_too_far":false,"door_offset":"LEFT_POSITIVE","render_condition":"ALL","positions":[[0.0,0.0]],"whitelisted_cars":"","blacklisted_cars":"1,-1"},{"name":"door_int_left","stage":"INTERIOR","mirror":false,"skip_rendering_if_too_far":false,"door_offset":"LEFT_NEGATIVE","render_condition":"ALL","positions":[[0.0,0.0]],"whitelisted_cars":"","blacklisted_cars":"1,-1"},{"name":"door_int_right","stage":"INTERIOR","mirror":false,"skip_rendering_if_too_far":false,"door_offset":"LEFT_POSITIVE","render_condition":"ALL","positions":[[0.0,0.0]],"whitelisted_cars":"","blacklisted_cars":"1,-1"},{"name":"door_left","stage":"EXTERIOR","mirror":true,"skip_rendering_if_too_far":false,"door_offset":"RIGHT_NEGATIVE","render_condition":"ALL","positions":[[0.0,0.0]],"whitelisted_cars":"","blacklisted_cars":"1,-1"},{"name":"door_right","stage":"EXTERIOR","mirror":true,"skip_rendering_if_too_far":false,"door_offset":"RIGHT_POSITIVE","render_condition":"ALL","positions":[[0.0,0.0]],"whitelisted_cars":"","blacklisted_cars":"1,-1"},{"name":"door_int_left","stage":"INTERIOR","mirror":true,"skip_rendering_if_too_far":false,"door_offset":"RIGHT_NEGATIVE","render_condition":"ALL","positions":[[0.0,0.0]],"whitelisted_cars":"","blacklisted_cars":"1,-1"},{"name":"door_int_right","stage":"INTERIOR","mirror":true,"skip_rendering_if_too_far":false,"door_offset":"RIGHT_POSITIVE","render_condition":"ALL","positions":[[0.0,0.0]],"whitelisted_cars":"","blacklisted_cars":"1,-1"},{"name":"window_ext","stage":"EXTERIOR","mirror":false,"skip_rendering_if_too_far":false,"door_offset":"NONE","render_condition":"ALL","positions":[[0.0,32.0],[0.0,64.0],[0.0,-32.0],[0.0,-64.0]],"whitelisted_cars":"","blacklisted_cars":"1,-1"},{"name":"window_int","stage":"INTERIOR","mirror":false,"skip_rendering_if_too_far":false,"door_offset":"NONE","render_condition":"ALL","positions":[[0.0,32.0],[0.0,64.0],[0.0,-32.0],[0.0,-64.0]],"whitelisted_cars":"","blacklisted_cars":"1,-1"},{"name":"end_ext","stage":"EXTERIOR","mirror":true,"skip_rendering_if_too_far":false,"door_offset":"NONE","render_condition":"ALL","positions":[[0.0,96.0]],"whitelisted_cars":"","blacklisted_cars":"-1"},{"name":"end_int","stage":"INTERIOR","mirror":true,"skip_rendering_if_too_far":false,"door_offset":"NONE","render_condition":"ALL","positions":[[0.0,96.0]],"whitelisted_cars":"","blacklisted_cars":"-1"},{"name":"end_ext","stage":"EXTERIOR","mirror":false,"skip_rendering_if_too_far":false,"door_offset":"NONE","render_condition":"ALL","positions":[[0.0,-96.0]],"whitelisted_cars":"","blacklisted_cars":"1"},{"name":"end_int","stage":"INTERIOR","mirror":false,"skip_rendering_if_too_far":false,"door_offset":"NONE","render_condition":"ALL","positions":[[0.0,-96.0]],"whitelisted_cars":"","blacklisted_cars":"1"},{"name":"bogie","stage":"EXTERIOR","mirror":false,"skip_rendering_if_too_far":false,"door_offset":"NONE","render_condition":"ALL","positions":[[0.0,120.0]],"whitelisted_cars":"","blacklisted_cars":"-1"},{"name":"int_light","stage":"LIGHTS","mirror":false,"skip_rendering_if_too_far":false,"door_offset":"NONE","render_condition":"ALL","positions":[[0.0,0.0],[0.0,96.0],[0.0,-96.0],[0.0,32.0],[0.0,64.0],[0.0,-32.0],[0.0,-64.0]],"whitelisted_cars":"","blacklisted_cars":"1,-1"},{"name":"window_ext","stage":"EXTERIOR","mirror":false,"skip_rendering_if_too_far":false,"door_offset":"NONE","render_condition":"ALL","positions":[[0.0,0.0],[0.0,32.0],[0.0,64.0]],"whitelisted_cars":"1","blacklisted_cars":"%1"},{"name":"window_int","stage":"INTERIOR","mirror":false,"skip_rendering_if_too_far":false,"door_offset":"NONE","render_condition":"ALL","positions":[[0.0,0.0],[0.0,32.0],[0.0,64.0]],"whitelisted_cars":"1","blacklisted_cars":"%1"},{"name":"side_display","stage":"EXTERIOR","mirror":false,"skip_rendering_if_too_far":false,"door_offset":"NONE","render_condition":"ALL","positions":[[0.0,0.0]],"whitelisted_cars":"1,-1","blacklisted_cars":"%1"},{"name":"side_display_text","stage":"EXTERIOR","mirror":false,"skip_rendering_if_too_far":false,"door_offset":"NONE","render_condition":"ALL","positions":[[0.0,0.0]],"whitelisted_cars":"1,-1","blacklisted_cars":"%1","display":{"x_padding":0,"y_padding":0,"cjk_size_ratio":0,"type":"DESTINATION","color_cjk":"FF9900","color":"FF9900","should_scroll":true,"force_upper_case":false,"force_single_line":true}},{"name":"side_display","stage":"EXTERIOR","mirror":true,"skip_rendering_if_too_far":false,"door_offset":"NONE","render_condition":"ALL","positions":[[0.0,0.0]],"whitelisted_cars":"1,-1","blacklisted_cars":"%1"},{"name":"side_display_text","stage":"EXTERIOR","mirror":true,"skip_rendering_if_too_far":false,"door_offset":"NONE","render_condition":"ALL","positions":[[0.0,0.0]],"whitelisted_cars":"1,-1","blacklisted_cars":"%1","display":{"x_padding":0.0,"y_padding":0.0,"cjk_size_ratio":0.0,"type":"DESTINATION","color_cjk":"FF9900","color":"FF9900","should_scroll":true,"force_upper_case":false,"force_single_line":true}},{"name":"door_ext","stage":"EXTERIOR","mirror":false,"skip_rendering_if_too_far":false,"door_offset":"NONE","render_condition":"ALL","positions":[[0.0,-32.0]],"whitelisted_cars":"1","blacklisted_cars":"%1"},{"name":"door_int","stage":"INTERIOR","mirror":false,"skip_rendering_if_too_far":false,"door_offset":"NONE","render_condition":"ALL","positions":[[0.0,-32.0]],"whitelisted_cars":"1","blacklisted_cars":"%1"},{"name":"door_left","stage":"EXTERIOR","mirror":false,"skip_rendering_if_too_far":false,"door_offset":"LEFT_NEGATIVE","render_condition":"ALL","positions":[[0.0,-32.0]],"whitelisted_cars":"1","blacklisted_cars":"%1"},{"name":"door_right","stage":"EXTERIOR","mirror":false,"skip_rendering_if_too_far":false,"door_offset":"LEFT_POSITIVE","render_condition":"ALL","positions":[[0.0,-32.0]],"whitelisted_cars":"1","blacklisted_cars":"%1"},{"name":"door_int_left","stage":"INTERIOR","mirror":false,"skip_rendering_if_too_far":false,"door_offset":"LEFT_NEGATIVE","render_condition":"ALL","positions":[[0.0,-32.0]],"whitelisted_cars":"1","blacklisted_cars":"%1"},{"name":"door_int_right","stage":"INTERIOR","mirror":false,"skip_rendering_if_too_far":false,"door_offset":"LEFT_POSITIVE","render_condition":"ALL","positions":[[0.0,-32.0]],"whitelisted_cars":"1","blacklisted_cars":"%1"},{"name":"door_left","stage":"EXTERIOR","mirror":true,"skip_rendering_if_too_far":false,"door_offset":"RIGHT_NEGATIVE","render_condition":"ALL","positions":[[0.0,-32.0]],"whitelisted_cars":"1","blacklisted_cars":"%1"},{"name":"door_right","stage":"EXTERIOR","mirror":true,"skip_rendering_if_too_far":false,"door_offset":"RIGHT_POSITIVE","render_condition":"ALL","positions":[[0.0,-32.0]],"whitelisted_cars":"1","blacklisted_cars":"%1"},{"name":"door_int_left","stage":"INTERIOR","mirror":true,"skip_rendering_if_too_far":false,"door_offset":"RIGHT_NEGATIVE","render_condition":"ALL","positions":[[0.0,-32.0]],"whitelisted_cars":"1","blacklisted_cars":"%1"},{"name":"door_int_right","stage":"INTERIOR","mirror":true,"skip_rendering_if_too_far":false,"door_offset":"RIGHT_POSITIVE","render_condition":"ALL","positions":[[0.0,-32.0]],"whitelisted_cars":"1","blacklisted_cars":"%1"},{"name":"cab_ext","stage":"EXTERIOR","mirror":true,"skip_rendering_if_too_far":false,"door_offset":"NONE","render_condition":"ALL","positions":[[0.0,-71.0]],"whitelisted_cars":"1","blacklisted_cars":"%1"},{"name":"cab_int","stage":"INTERIOR","mirror":true,"skip_rendering_if_too_far":false,"door_offset":"NONE","render_condition":"ALL","positions":[[0.0,-71.0]],"whitelisted_cars":"1","blacklisted_cars":"%1"},{"name":"cab_display_rn","stage":"EXTERIOR","mirror":true,"skip_rendering_if_too_far":false,"door_offset":"NONE","render_condition":"ALL","positions":[[0.0,-71.0]],"whitelisted_cars":"1","blacklisted_cars":"%1","display":{"x_padding":0,"y_padding":0,"cjk_size_ratio":0,"type":"ROUTE_NUMBER","color_cjk":"FF9900","color":"FF9900","should_scroll":false,"force_upper_case":false,"force_single_line":true}},{"name":"cab_display_dest","stage":"EXTERIOR","mirror":true,"skip_rendering_if_too_far":false,"door_offset":"NONE","render_condition":"ALL","positions":[[0.0,-71.0]],"whitelisted_cars":"1","blacklisted_cars":"%1","display":{"x_padding":0,"y_padding":0,"cjk_size_ratio":0,"type":"DESTINATION","color_cjk":"FF9900","color":"FF9900","should_scroll":false,"force_upper_case":false,"force_single_line":true}},{"name":"cab_int_display","stage":"EXTERIOR","mirror":true,"skip_rendering_if_too_far":false,"door_offset":"NONE","render_condition":"ALL","positions":[[0.0,-71.0]],"whitelisted_cars":"1","blacklisted_cars":"%1","display":{"x_padding":0,"y_padding":0,"cjk_size_ratio":0,"type":"ROUTE_NUMBER","color_cjk":"FF9900","color":"FF9900","should_scroll":false,"force_upper_case":false,"force_single_line":false}},{"name":"headlights","stage":"ALWAYS_ON_LIGHTS","mirror":true,"skip_rendering_if_too_far":false,"door_offset":"NONE","render_condition":"MOVING_FORWARDS","positions":[[0.0,-71.0]],"whitelisted_cars":"1","blacklisted_cars":"%1"},{"name":"taillights","stage":"ALWAYS_ON_LIGHTS","mirror":true,"skip_rendering_if_too_far":false,"door_offset":"NONE","render_condition":"MOVING_BACKWARDS","positions":[[0.0,-71.0]],"whitelisted_cars":"1","blacklisted_cars":"%1"},{"name":"int_light","stage":"LIGHTS","mirror":false,"skip_rendering_if_too_far":false,"door_offset":"NONE","render_condition":"ALL","positions":[[0.0,0.0],[0.0,32.0],[0.0,64.0],[0.0,-32.0]],"whitelisted_cars":"1","blacklisted_cars":"%1"},{"name":"window_ext","stage":"EXTERIOR","mirror":false,"skip_rendering_if_too_far":false,"door_offset":"NONE","render_condition":"ALL","positions":[[0.0,0.0],[0.0,-32.0],[0.0,-64.0]],"whitelisted_cars":"-1","blacklisted_cars":"%1"},{"name":"window_int","stage":"INTERIOR","mirror":false,"skip_rendering_if_too_far":false,"door_offset":"NONE","render_condition":"ALL","positions":[[0.0,0.0],[0.0,-32.0],[0.0,-64.0]],"whitelisted_cars":"-1","blacklisted_cars":"%1"},{"name":"door_ext","stage":"EXTERIOR","mirror":false,"skip_rendering_if_too_far":false,"door_offset":"NONE","render_condition":"ALL","positions":[[0.0,32.0]],"whitelisted_cars":"-1","blacklisted_cars":"%1"},{"name":"door_int","stage":"INTERIOR","mirror":false,"skip_rendering_if_too_far":false,"door_offset":"NONE","render_condition":"ALL","positions":[[0.0,32.0]],"whitelisted_cars":"-1","blacklisted_cars":"%1"},{"name":"door_left","stage":"EXTERIOR","mirror":false,"skip_rendering_if_too_far":false,"door_offset":"LEFT_NEGATIVE","render_condition":"ALL","positions":[[0.0,32.0]],"whitelisted_cars":"-1","blacklisted_cars":"%1"},{"name":"door_right","stage":"EXTERIOR","mirror":false,"skip_rendering_if_too_far":false,"door_offset":"LEFT_POSITIVE","render_condition":"ALL","positions":[[0.0,32.0]],"whitelisted_cars":"-1","blacklisted_cars":"%1"},{"name":"door_int_left","stage":"INTERIOR","mirror":false,"skip_rendering_if_too_far":false,"door_offset":"LEFT_NEGATIVE","render_condition":"ALL","positions":[[0.0,32.0]],"whitelisted_cars":"-1","blacklisted_cars":"%1"},{"name":"door_int_right","stage":"INTERIOR","mirror":false,"skip_rendering_if_too_far":false,"door_offset":"LEFT_POSITIVE","render_condition":"ALL","positions":[[0.0,32.0]],"whitelisted_cars":"-1","blacklisted_cars":"%1"},{"name":"door_left","stage":"EXTERIOR","mirror":true,"skip_rendering_if_too_far":false,"door_offset":"RIGHT_NEGATIVE","render_condition":"ALL","positions":[[0.0,32.0]],"whitelisted_cars":"-1","blacklisted_cars":"%1"},{"name":"door_right","stage":"EXTERIOR","mirror":true,"skip_rendering_if_too_far":false,"door_offset":"RIGHT_POSITIVE","render_condition":"ALL","positions":[[0.0,32.0]],"whitelisted_cars":"-1","blacklisted_cars":"%1"},{"name":"door_int_left","stage":"INTERIOR","mirror":true,"skip_rendering_if_too_far":false,"door_offset":"RIGHT_NEGATIVE","render_condition":"ALL","positions":[[0.0,32.0]],"whitelisted_cars":"-1","blacklisted_cars":"%1"},{"name":"door_int_right","stage":"INTERIOR","mirror":true,"skip_rendering_if_too_far":false,"door_offset":"RIGHT_POSITIVE","render_condition":"ALL","positions":[[0.0,32.0]],"whitelisted_cars":"-1","blacklisted_cars":"%1"},{"name":"int_light","stage":"LIGHTS","mirror":false,"skip_rendering_if_too_far":false,"door_offset":"NONE","render_condition":"ALL","positions":[[0.0,0.0],[0.0,32.0],[0.0,-32.0],[0.0,-64.0]],"whitelisted_cars":"-1","blacklisted_cars":"%1"},{"name":"cab_ext","stage":"EXTERIOR","mirror":false,"skip_rendering_if_too_far":false,"door_offset":"NONE","render_condition":"ALL","positions":[[0.0,71.0]],"whitelisted_cars":"-1","blacklisted_cars":"%1"},{"name":"cab_int","stage":"INTERIOR","mirror":false,"skip_rendering_if_too_far":false,"door_offset":"NONE","render_condition":"ALL","positions":[[0.0,71.0]],"whitelisted_cars":"-1","blacklisted_cars":"%1"},{"name":"cab_display_rn","stage":"EXTERIOR","mirror":false,"skip_rendering_if_too_far":false,"door_offset":"NONE","render_condition":"ALL","positions":[[0.0,71.0]],"whitelisted_cars":"-1","blacklisted_cars":"%1","display":{"x_padding":0,"y_padding":0,"cjk_size_ratio":0,"type":"ROUTE_NUMBER","color_cjk":"FF9900","color":"FF9900","should_scroll":false,"force_upper_case":false,"force_single_line":false}},{"name":"cab_display_dest","stage":"EXTERIOR","mirror":false,"skip_rendering_if_too_far":false,"door_offset":"NONE","render_condition":"ALL","positions":[[0.0,71.0]],"whitelisted_cars":"-1","blacklisted_cars":"%1","display":{"x_padding":0,"y_padding":0,"cjk_size_ratio":0,"type":"DESTINATION","color_cjk":"FF9900","color":"FF9900","should_scroll":false,"force_upper_case":false,"force_single_line":false}},{"name":"cab_int_display","stage":"EXTERIOR","mirror":false,"skip_rendering_if_too_far":false,"door_offset":"NONE","render_condition":"ALL","positions":[[0.0,71.0]],"whitelisted_cars":"-1","blacklisted_cars":"%1","display":{"x_padding":0,"y_padding":0,"cjk_size_ratio":0,"type":"ROUTE_NUMBER","color_cjk":"FF9900","color":"FF9900","should_scroll":false,"force_upper_case":false,"force_single_line":false}},{"name":"headlights","stage":"ALWAYS_ON_LIGHTS","mirror":false,"skip_rendering_if_too_far":false,"door_offset":"NONE","render_condition":"MOVING_BACKWARDS","positions":[[0.0,71.0]],"whitelisted_cars":"-1","blacklisted_cars":"%1"},{"name":"taillights","stage":"ALWAYS_ON_LIGHTS","mirror":false,"skip_rendering_if_too_far":false,"door_offset":"NONE","render_condition":"MOVING_FORWARDS","positions":[[0.0,71.0]],"whitelisted_cars":"-1","blacklisted_cars":"%1"}]}