{
	"custom_trains":{
		"ktrc_100c":{
			"name":"Cosmo Operational Railway 100C",
			"description":"The 100C unit is the first ever DMU to be operated from COR. It's a low floor, most often a 3-car vehicle with both single and double axle bogies.",
			"color":"BFEE84",
			"gangway_connection_id":"mtr:textures/entity/sp1900",
			"door_animation_type":"PLUG_FAST",
			"rider_offset":-0.5,
			"texture_id":"mtr:ktrc_100c/ktrc_100c",
			"model":"mtr:ktrc_100c/ktrc_100c.bbmodel",
			"model_properties":"mtr:ktrc_100c/ktrc_100c.json",
			"speed_sound_count": 69,
			"door_sound_base_id": "m_train",
			"speed_sound_base_id": "m_train"
		}
	}
}