{"transport_mode":"TRAIN","length":16,"width":2,"door_max":11,"parts":[{"name":"door_b_ext","stage":"EXTERIOR","mirror":false,"skip_rendering_if_too_far":false,"door_offset":"NONE","render_condition":"ALL","positions":[[0.0,0.0]],"whitelisted_cars":"","blacklisted_cars":""},{"name":"door_b_left","stage":"EXTERIOR","mirror":false,"skip_rendering_if_too_far":false,"door_offset":"RIGHT_POSITIVE","render_condition":"ALL","positions":[[0.0,0.0]],"whitelisted_cars":"","blacklisted_cars":""},{"name":"door_b_right","stage":"EXTERIOR","mirror":false,"skip_rendering_if_too_far":false,"door_offset":"RIGHT_NEGATIVE","render_condition":"ALL","positions":[[0.0,0.0]],"whitelisted_cars":"","blacklisted_cars":""},{"name":"door_b_left","stage":"EXTERIOR","mirror":true,"skip_rendering_if_too_far":false,"door_offset":"LEFT_POSITIVE","render_condition":"ALL","positions":[[0.0,0.0]],"whitelisted_cars":"","blacklisted_cars":""},{"name":"door_b_right","stage":"EXTERIOR","mirror":true,"skip_rendering_if_too_far":false,"door_offset":"LEFT_NEGATIVE","render_condition":"ALL","positions":[[0.0,0.0]],"whitelisted_cars":"","blacklisted_cars":""},{"name":"door_int","stage":"INTERIOR","mirror":false,"skip_rendering_if_too_far":false,"door_offset":"NONE","render_condition":"ALL","positions":[[0.0,0.0],[0.0,-96.0],[0.0,96.0]],"whitelisted_cars":"","blacklisted_cars":""},{"name":"door_int_left","stage":"INTERIOR","mirror":false,"skip_rendering_if_too_far":false,"door_offset":"RIGHT_NEGATIVE","render_condition":"ALL","positions":[[0.0,0.0],[0.0,-96.0],[0.0,96.0]],"whitelisted_cars":"","blacklisted_cars":""},{"name":"door_int_right","stage":"INTERIOR","mirror":false,"skip_rendering_if_too_far":false,"door_offset":"RIGHT_POSITIVE","render_condition":"ALL","positions":[[0.0,0.0],[0.0,-96.0],[0.0,96.0]],"whitelisted_cars":"","blacklisted_cars":""},{"name":"door_int_left","stage":"INTERIOR","mirror":true,"skip_rendering_if_too_far":false,"door_offset":"LEFT_NEGATIVE","render_condition":"ALL","positions":[[0.0,0.0],[0.0,-96.0],[0.0,96.0]],"whitelisted_cars":"","blacklisted_cars":""},{"name":"door_int_right","stage":"INTERIOR","mirror":true,"skip_rendering_if_too_far":false,"door_offset":"LEFT_POSITIVE","render_condition":"ALL","positions":[[0.0,0.0],[0.0,-96.0],[0.0,96.0]],"whitelisted_cars":"","blacklisted_cars":""},{"name":"window_ext","stage":"EXTERIOR","mirror":false,"skip_rendering_if_too_far":false,"door_offset":"NONE","render_condition":"ALL","positions":[[0.0,48.0],[0.0,-48.0]],"whitelisted_cars":"","blacklisted_cars":""},{"name":"window_int","stage":"INTERIOR","mirror":false,"skip_rendering_if_too_far":false,"door_offset":"NONE","render_condition":"ALL","positions":[[0.0,48.0],[0.0,-48.0]],"whitelisted_cars":"","blacklisted_cars":""},{"name":"door_a_ext","stage":"EXTERIOR","mirror":false,"skip_rendering_if_too_far":false,"door_offset":"NONE","render_condition":"ALL","positions":[[0.0,-96.0]],"whitelisted_cars":"","blacklisted_cars":""},{"name":"door_a_left","stage":"EXTERIOR","mirror":false,"skip_rendering_if_too_far":false,"door_offset":"RIGHT_POSITIVE","render_condition":"ALL","positions":[[0.0,-96.0]],"whitelisted_cars":"","blacklisted_cars":""},{"name":"door_a_right","stage":"EXTERIOR","mirror":false,"skip_rendering_if_too_far":false,"door_offset":"RIGHT_NEGATIVE","render_condition":"ALL","positions":[[0.0,-96.0]],"whitelisted_cars":"","blacklisted_cars":""},{"name":"door_a_left","stage":"EXTERIOR","mirror":true,"skip_rendering_if_too_far":false,"door_offset":"LEFT_POSITIVE","render_condition":"ALL","positions":[[0.0,-96.0]],"whitelisted_cars":"","blacklisted_cars":""},{"name":"door_a_right","stage":"EXTERIOR","mirror":true,"skip_rendering_if_too_far":false,"door_offset":"LEFT_NEGATIVE","render_condition":"ALL","positions":[[0.0,-96.0]],"whitelisted_cars":"","blacklisted_cars":""},{"name":"door_c_ext","stage":"EXTERIOR","mirror":true,"skip_rendering_if_too_far":false,"door_offset":"NONE","render_condition":"ALL","positions":[[0.0,96.0]],"whitelisted_cars":"","blacklisted_cars":""},{"name":"door_c_left","stage":"EXTERIOR","mirror":false,"skip_rendering_if_too_far":false,"door_offset":"RIGHT_POSITIVE","render_condition":"ALL","positions":[[0.0,96.0]],"whitelisted_cars":"","blacklisted_cars":""},{"name":"door_c_right","stage":"EXTERIOR","mirror":false,"skip_rendering_if_too_far":false,"door_offset":"RIGHT_NEGATIVE","render_condition":"ALL","positions":[[0.0,96.0]],"whitelisted_cars":"","blacklisted_cars":""},{"name":"door_c_left","stage":"EXTERIOR","mirror":true,"skip_rendering_if_too_far":false,"door_offset":"LEFT_POSITIVE","render_condition":"ALL","positions":[[0.0,96.0]],"whitelisted_cars":"","blacklisted_cars":""},{"name":"door_c_right","stage":"EXTERIOR","mirror":true,"skip_rendering_if_too_far":false,"door_offset":"LEFT_NEGATIVE","render_condition":"ALL","positions":[[0.0,96.0]],"whitelisted_cars":"","blacklisted_cars":""},{"name":"head_ext","stage":"EXTERIOR","mirror":false,"skip_rendering_if_too_far":false,"door_offset":"NONE","render_condition":"ALL","positions":[[0.0,-120.0]],"whitelisted_cars":"%3+2","blacklisted_cars":"%1"},{"name":"head_int","stage":"INTERIOR","mirror":false,"skip_rendering_if_too_far":false,"door_offset":"NONE","render_condition":"ALL","positions":[[0.0,-120.0]],"whitelisted_cars":"%3+2","blacklisted_cars":"%1"},{"name":"head_display","stage":"EXTERIOR","mirror":false,"skip_rendering_if_too_far":false,"door_offset":"NONE","render_condition":"ALL","positions":[[0.0,-120.0]],"whitelisted_cars":"%3+2","blacklisted_cars":"%1","display":{"x_padding":0.0,"y_padding":-0.05,"cjk_size_ratio":0.0,"type":"DESTINATION","color_cjk":"FF9900","color":"FF9900","should_scroll":false,"force_upper_case":false,"force_single_line":true}},{"name":"display_cover","stage":"INTERIOR_TRANSLUCENT","mirror":false,"skip_rendering_if_too_far":false,"door_offset":"NONE","render_condition":"ALL","positions":[[0.0,-120.0]],"whitelisted_cars":"%3+2","blacklisted_cars":"%1"},{"name":"headlights","stage":"ALWAYS_ON_LIGHTS","mirror":false,"skip_rendering_if_too_far":false,"door_offset":"NONE","render_condition":"MOVING_FORWARDS","positions":[[0.0,-120.0]],"whitelisted_cars":"1","blacklisted_cars":"%1"},{"name":"taillights","stage":"ALWAYS_ON_LIGHTS","mirror":false,"skip_rendering_if_too_far":false,"door_offset":"NONE","render_condition":"MOVING_BACKWARDS","positions":[[0.0,-120.0]],"whitelisted_cars":"1","blacklisted_cars":"%1"},{"name":"head_ext","stage":"EXTERIOR","mirror":true,"skip_rendering_if_too_far":false,"door_offset":"NONE","render_condition":"ALL","positions":[[0.0,120.0]],"whitelisted_cars":"%3","blacklisted_cars":"%1"},{"name":"head_int","stage":"INTERIOR","mirror":true,"skip_rendering_if_too_far":false,"door_offset":"NONE","render_condition":"ALL","positions":[[0.0,120.0]],"whitelisted_cars":"%3","blacklisted_cars":"%1"},{"name":"head_display","stage":"EXTERIOR","mirror":true,"skip_rendering_if_too_far":false,"door_offset":"NONE","render_condition":"ALL","positions":[[0.0,120.0]],"whitelisted_cars":"%3","blacklisted_cars":"%1","display":{"x_padding":0,"y_padding":-0.05,"cjk_size_ratio":0,"type":"DESTINATION","color_cjk":"FF9900","color":"FF9900","should_scroll":false,"force_upper_case":false,"force_single_line":true}},{"name":"display_cover","stage":"INTERIOR_TRANSLUCENT","mirror":true,"skip_rendering_if_too_far":false,"door_offset":"NONE","render_condition":"ALL","positions":[[0.0,120.0]],"whitelisted_cars":"%3","blacklisted_cars":"%1"},{"name":"headlights","stage":"ALWAYS_ON_LIGHTS","mirror":true,"skip_rendering_if_too_far":false,"door_offset":"NONE","render_condition":"MOVING_BACKWARDS","positions":[[0.0,120.0]],"whitelisted_cars":"-1","blacklisted_cars":"%1"},{"name":"taillights","stage":"ALWAYS_ON_LIGHTS","mirror":true,"skip_rendering_if_too_far":false,"door_offset":"NONE","render_condition":"MOVING_FORWARDS","positions":[[0.0,120.0]],"whitelisted_cars":"-1","blacklisted_cars":"%1"},{"name":"coupler_cover","stage":"EXTERIOR","mirror":false,"skip_rendering_if_too_far":false,"door_offset":"NONE","render_condition":"ALL","positions":[[0.0,-120.0]],"whitelisted_cars":"1","blacklisted_cars":"%1"},{"name":"coupler_cover","stage":"EXTERIOR","mirror":true,"skip_rendering_if_too_far":false,"door_offset":"NONE","render_condition":"ALL","positions":[[0.0,120.0]],"whitelisted_cars":"-1","blacklisted_cars":"%1"},{"name":"coupling","stage":"EXTERIOR","mirror":false,"skip_rendering_if_too_far":false,"door_offset":"NONE","render_condition":"ALL","positions":[[0.0,128.0]],"whitelisted_cars":"%3","blacklisted_cars":"%1,-1"},{"name":"coupling","stage":"EXTERIOR","mirror":true,"skip_rendering_if_too_far":false,"door_offset":"NONE","render_condition":"ALL","positions":[[0.0,-128.0]],"whitelisted_cars":"%3+2","blacklisted_cars":"%1,1"},{"name":"bogie","stage":"EXTERIOR","mirror":false,"skip_rendering_if_too_far":false,"door_offset":"NONE","render_condition":"ALL","positions":[[0.0,70.0],[0.0,-70.0]],"whitelisted_cars":"","blacklisted_cars":""},{"name":"pantograph","stage":"EXTERIOR","mirror":true,"skip_rendering_if_too_far":false,"door_offset":"NONE","render_condition":"ALL","positions":[[0.0,90.0]],"whitelisted_cars":"%3+1","blacklisted_cars":"%1"},{"name":"end_ext","stage":"EXTERIOR","mirror":false,"skip_rendering_if_too_far":false,"door_offset":"NONE","render_condition":"ALL","positions":[[0.0,121.0]],"whitelisted_cars":"","blacklisted_cars":"%3"},{"name":"end_int","stage":"INTERIOR","mirror":false,"skip_rendering_if_too_far":false,"door_offset":"NONE","render_condition":"ALL","positions":[[0.0,121.0]],"whitelisted_cars":"","blacklisted_cars":"%3"},{"name":"end_display","stage":"EXTERIOR","mirror":false,"skip_rendering_if_too_far":false,"door_offset":"NONE","render_condition":"ALL","positions":[[0.0,120.0]],"whitelisted_cars":"","blacklisted_cars":"%3","display":{"x_padding":0,"y_padding":0.0,"cjk_size_ratio":0,"type":"NEXT_STATION_UK","color_cjk":"FF9900","color":"FF9900","should_scroll":true,"force_upper_case":false,"force_single_line":true}},{"name":"light_int_end","stage":"LIGHTS","mirror":false,"skip_rendering_if_too_far":false,"door_offset":"NONE","render_condition":"ALL","positions":[[0.0,120.0]],"whitelisted_cars":"","blacklisted_cars":"%3"},{"name":"end_ext","stage":"EXTERIOR","mirror":true,"skip_rendering_if_too_far":false,"door_offset":"NONE","render_condition":"ALL","positions":[[0.0,-121.0]],"whitelisted_cars":"","blacklisted_cars":"%3+2"},{"name":"end_int","stage":"INTERIOR","mirror":true,"skip_rendering_if_too_far":false,"door_offset":"NONE","render_condition":"ALL","positions":[[0.0,-121.0]],"whitelisted_cars":"","blacklisted_cars":"%3+2"},{"name":"end_display","stage":"EXTERIOR","mirror":true,"skip_rendering_if_too_far":false,"door_offset":"NONE","render_condition":"ALL","positions":[[0.0,-119.3]],"whitelisted_cars":"","blacklisted_cars":"%3+2","display":{"x_padding":0,"y_padding":0,"cjk_size_ratio":0,"type":"NEXT_STATION_UK","color_cjk":"FF9900","color":"FF9900","should_scroll":true,"force_upper_case":false,"force_single_line":true}},{"name":"light_int_end","stage":"EXTERIOR","mirror":false,"skip_rendering_if_too_far":false,"door_offset":"NONE","render_condition":"ALL","positions":[[0.0,-120.0]],"whitelisted_cars":"","blacklisted_cars":"%3+2"},{"name":"light_int","stage":"LIGHTS","mirror":false,"skip_rendering_if_too_far":false,"door_offset":"NONE","render_condition":"ALL","positions":[[0.0,0.0],[0.0,-96.0],[0.0,96.0],[0.0,-32.0],[0.0,-64.0],[0.0,32.0],[0.0,64.0]],"whitelisted_cars":"","blacklisted_cars":""},{"name":"side_display","stage":"EXTERIOR","mirror":false,"skip_rendering_if_too_far":false,"door_offset":"NONE","render_condition":"ALL","positions":[[0.0,0.0],[0.0,-96.0],[0.0,96.0]],"whitelisted_cars":"","blacklisted_cars":"","display":{"x_padding":0,"y_padding":0,"cjk_size_ratio":0,"type":"DESTINATION","color_cjk":"FF9900","color":"FF9900","should_scroll":false,"force_upper_case":false,"force_single_line":true}},{"name":"side_display","stage":"EXTERIOR","mirror":true,"skip_rendering_if_too_far":false,"door_offset":"NONE","render_condition":"ALL","positions":[[0.0,0.0],[0.0,-96.0],[0.0,96.0]],"whitelisted_cars":"","blacklisted_cars":"","display":{"x_padding":0,"y_padding":0,"cjk_size_ratio":0,"type":"DESTINATION","color_cjk":"FF9900","color":"FF9900","should_scroll":false,"force_upper_case":false,"force_single_line":true}},{"name":"window_disp","stage":"INTERIOR","mirror":false,"skip_rendering_if_too_far":false,"door_offset":"NONE","render_condition":"ALL","positions":[[0.0,48.0],[0.0,-48.0]],"whitelisted_cars":"","blacklisted_cars":""},{"name":"window_disp_text","stage":"EXTERIOR","mirror":false,"skip_rendering_if_too_far":false,"door_offset":"NONE","render_condition":"ALL","positions":[[0.0,48.0],[0.0,-48.0]],"whitelisted_cars":"","blacklisted_cars":"","display":{"x_padding":0.0,"y_padding":0.0,"cjk_size_ratio":0.0,"type":"DESTINATION","color_cjk":"FFFFFF","color":"FFFFFF","should_scroll":false,"force_upper_case":false,"force_single_line":true}},{"name":"window_disp","stage":"INTERIOR","mirror":true,"skip_rendering_if_too_far":false,"door_offset":"NONE","render_condition":"ALL","positions":[[0.0,48.0],[0.0,-48.0]],"whitelisted_cars":"","blacklisted_cars":""},{"name":"window_disp_text","stage":"EXTERIOR","mirror":true,"skip_rendering_if_too_far":false,"door_offset":"NONE","render_condition":"ALL","positions":[[0.0,48.0],[0.0,-48.0]],"whitelisted_cars":"","blacklisted_cars":"","display":{"x_padding":0.0,"y_padding":0.0,"cjk_size_ratio":0.0,"type":"DESTINATION","color_cjk":"FFFFFF","color":"FFFFFF","should_scroll":false,"force_upper_case":false,"force_single_line":true}},{"name":"gangway_ext","stage":"EXTERIOR","mirror":false,"skip_rendering_if_too_far":false,"door_offset":"NONE","render_condition":"ALL","positions":[[0.0,132.0]],"whitelisted_cars":"","blacklisted_cars":"%3"},{"name":"gangway_int","stage":"INTERIOR","mirror":false,"skip_rendering_if_too_far":false,"door_offset":"NONE","render_condition":"ALL","positions":[[0.0,132.0]],"whitelisted_cars":"","blacklisted_cars":"%3"},{"name":"gangway_ext","stage":"EXTERIOR","mirror":false,"skip_rendering_if_too_far":false,"door_offset":"NONE","render_condition":"ALL","positions":[[0.0,-132.0]],"whitelisted_cars":"","blacklisted_cars":"%3+2"},{"name":"gangway_int","stage":"INTERIOR","mirror":false,"skip_rendering_if_too_far":false,"door_offset":"NONE","render_condition":"ALL","positions":[[0.0,-132.0]],"whitelisted_cars":"","blacklisted_cars":"%3+2"},{"name":"window_disp_ns","stage":"EXTERIOR","mirror":false,"skip_rendering_if_too_far":false,"door_offset":"NONE","render_condition":"ALL","positions":[[0.0,48.0],[0.0,-48.0]],"whitelisted_cars":"","blacklisted_cars":"","display":{"x_padding":0,"y_padding":0,"cjk_size_ratio":0,"type":"NEXT_STATION_PLAIN","color_cjk":"FFFFFF","color":"FFFFFF","should_scroll":false,"force_upper_case":false,"force_single_line":true}},{"name":"window_disp_ns","stage":"EXTERIOR","mirror":true,"skip_rendering_if_too_far":false,"door_offset":"NONE","render_condition":"ALL","positions":[[0.0,48.0],[0.0,-48.0]],"whitelisted_cars":"","blacklisted_cars":"","display":{"x_padding":0,"y_padding":0,"cjk_size_ratio":0,"type":"NEXT_STATION_PLAIN","color_cjk":"FFFFFF","color":"FFFFFF","should_scroll":false,"force_upper_case":false,"force_single_line":true}}]}